北海道,東北,北関東・甲信,南関東,北陸,東海,近畿,中国,四国,九州
道内,実効,プラスワン,区内,事業,遺児,府内,美肌,事業,群島
事業,事業,事業,区立,ため,事業,事業,事業,対策,事業
支署,さくらんぼ,ため,区民,支援,off,支援,イワガキ,ため,ため
びら,対策,対策,事業,対策,対策,対策,支援,ごめん,対策
べつ,ため,支援,ため,感染,ため,ため,ため,ユズ,支援
道外,支援,感染,対策,九谷焼,支援,感染,対策,外商,感染
野営,商工課,ペンション,支援,胎内,感染,くじら,感染,集出荷,燃油
対策,感染,無尽,感染,防止,新型コロナウイルス感染症,随伴,新型コロナウイルス感染症,支援,畳表
ため,新型コロナウイルス感染症,拡大,振興課,拡大,防止,新型コロナウイルス感染症,こと,感染,こと
道産,拡大,防止,拡大,新型コロナウイルス感染症,拡大,防止,企画課,海洋深層水,新型コロナウイルス感染症
軽種馬,こと,こと,防止,施設,こと,拡大,整備,拡大,拡大
大樹,防止,新型コロナウイルス感染症,新型コロナウイルス感染症,感染症,整備,こと,拡大,こと,防止
感染,内陸,おん,こと,こと,施設,hyogo,防止,感染症,地頭鶏
支援,施設,別荘,公室,整備,感染症,感染症,感染症,新型コロナウイルス感染症,武家
こと,感染症,感染症,感染症,勝ち,学校,整備,施設,整備,ブリ
整備,整備,整備,林間,環境,事業者,施設,環境,防止,マグロ
防止,影響,事業者,施設,事業者,環境,学校,事業者,施設,整備
拡大,好適,施設,整備,もの,補助金,環境,影響,わかめ,サッカー
道内外,環境,環境,学校,影響,復職,事業者,学校,環境,たまねぎ
感染症,和種,学校,環境,学校,事業費,少雪,継続,影響,マンゴー
環境,女神,影響,事業者,着物,影響,国税,地域,学校,本島
施設,最上,ジュエリー,影響,地域,阻止,影響,新型コロナウイルス,事業者,感染症
新型コロナウイルス感染症,きりたんぽ,アマビエ,予防,キトキト,地域,予防,予防,予防,施設
予防,事業者,地域,来島,なみ,宇宙,地域,給付金,あか,影響
事業者,地鶏,新型コロナウイルス,給付金,捜索,新型コロナウイルス,給付金,みやこ,助教諭,環境
学校,りんご,給付金,移動教室,塗り箸,予防,学習,活動,オーベルジュ,学校
かもめ,地域,予防,新型コロナウイルス,継続,全面,活動,避難,柑橘,事業者
オケクラフト,学校,継続,地域,事業費,避難,府民,応援,骨格,来島
りす,継続,鐵道,ケアラー,予防,給付金,官公署,補助金,マイン,地域
影響,もの,林務,めぐろ,給付金,休業,補助金,学習,大洲,新型コロナウイルス
地域,秋まつり,避難,学習,公共,接骨院,新型コロナウイルス,観光,地域,予防
ハイヤー,山菜,補助金,公共,補助金,協力金,継続,公共,給付金,継続
就航,予防,学習,避難,応援,セラミック,生活,経営,継続,手首
町内,献上,応援,継続,新型コロナウイルス,tajimealgo,避難,生活,補助金,のべ
乳製品,違い,世帯,児童,市内,生活,公共,補助,避難,遵守
mm,西口,公共,確保,観光,購入,献血,対応,観光,養魚
学習,新型コロナウイルス,生活,もの,経済,児童,児童,経済,新型コロナウイルス,エコツアー
継続,公共,観光,補助金,活動,半島,補助,児童,活動,航空路
公共,果樹園,事業費,市民,アオーレ,活動,世帯,コロナ,学習,島内外
経済,経営,経済,市内,おや,学習,休業,世帯,公共,避難
経営,給付金,児童,世帯,メイト,応援,体制,町内,応援,島内
補助金,補助金,子育て,活動,歓迎,経済,コロナ,もの,もの,経営
新型コロナウイルス,活動,支援金,生活,せん,市内,確保,経費,購入,給付金
給付金,避難,商品券,応援,さば,公共,市民,確保,確保,補助金
避難,経済,市内,中小企業,経営,補助,観光,体制,コロナ,緊急
商品券,確保,コロナ,補助,緊急,継続,家庭,情報,ﾌｧｲﾊﾞ,活動
確保,生活,購入,家庭,生活,中小企業,購入,推進,復路,経済
購入,広域圏,マスク,購入,避難,世帯,応援,市内,ライダーズイン,学習
観光,銀山,活動,賃貸人,中小企業,観光,経済,促進,アルバイター,子牛
消費,康楽,確保,体制,世帯,体制,デカンショ,緊急,オフ,コロナ
児童,ねぷた,生徒,はだ,補助,要請,再出発,耳鼻科,足袋,もの
活動,観光,負担,ｕｓｂ,コロナ,確保,実施,ゴールデン,俳句,公共
暖房機,学習,小中学校,海難,休業,小中学校,経費,底びき,町内,屋敷
芝桜,緊急,給付,下火,体制,生徒,対応,しあわせ,事業費,観光
定常,町内,体制,接続料,児童,子育て,市内,sea,トピア,生活
道民,応援,補助,対応,学習,経費,給食,有線テレビ,ﾄｲﾚ,くだり
生活,維持,経費,支援課,負担,推進,負担,プロダクト,生活,空気調和
換気,安全,とも,郡市,オンライン,市民,導入,沖合,推進,cv
スクール,対応,安心,事業費,促進,給食,生徒,被爆,対応,ドリンク
体制,農政課,経営,運営,推進,町内,とも,傷病手当,オンライン,知名
支援金,事業費,山小屋,生徒,市民,オンライン,経営,支援金,世帯,祖母
経費,安心,休業,負担,維持,負担,オンライン,生徒,体制,応援
維持,児童,町内,経済,確保,スクール,スクール,購入,経済,経費
応援,子牛,緊急,子育て,なん,設備,推進,中小企業,実施,消費
町民,世帯,スクール,サービス,家庭,商品券,緊急,とも,経営,補助
衛生,消費,消費,福祉,衛生,対応,支援金,維持,生活様式,児童
目的,生活様式,市町村,安全,実施,職員,衛生,オンライン,児童,島外
設備,体制,事業所,実施,利用,コロナ,子育て,負担,中小企業,確保
生徒,空間,飲食店,機会,要請,情報,要請,生活様式,臨時休業,購入
もの,設備,対応,センター,設備,導入,情報,管理,マダイ,体制
世帯,補助,軽減,支援金,経費,消費,シール,導入,促進,目的
とも,購入,安全,オンライン,対応,トワイライト,システム,家庭,衛生,町内
機器,縄文,ゾーン,衛生,子育て,サミット,職員,消費,目的,商品券
コロナ,コロナ,推進,職員,協力金,かんきつ,再開,子育て,維持,対応
機会,経費,機会,医療,教育,盲ろう,マスク,実施,休業,支援金
復元,衛生,オンライン,スクール,交通,家庭,中小企業,衛生,強化,養豚
プレイ,マスク,自粛,経費,商品券,もの,軽減,医療,緊急,改札
農大,情報,目的,とも,雇用,設置,臨時休業,市民,生徒,世帯
プレミアム,大国,対象,ポスティング,生徒,緊急,サービス,職員,とも,維持
補助,街なか,維持,相談,錦鯉,実施,子ども,システム,補助,国境
緊急,山車,保健,医療機関,チューリップ,衛生,高齢者,保健課,スクール,導入
福祉,中小企業,情報,再開,導入,維持,事業費,ささえあい,子育て,情報
オンライン,支援金,家庭,管理,とも,分担金,福祉,神楽,経費,強化
センター,西北,福祉,導入,購入,機器,目的,強化,軽減,推進
事業費,横手,臨時休業,コロナ,消費,安心,小中学校,利用,情報,生活様式
対応,けん玉,衛生,システム,生活様式,事業所,設備,休業,負担,市内
休業,寝たきり,導入,軽減,機会,端末,業務,目的,設備,スクール
飲食店,はえぬき,促進,安心,県内,システム,もの,サービス,導入,生徒
端末,さんかく,生活様式,生活様式,強化,とも,安全,端末,改修,事業費
感染リスク,赤べこ,中小企業,推進,スクール,対象,安心,マスク,商流,とも
活性化,荒馬,設置,維持,活性化,センター,強化,保健,産直市,マスク
マスク,清酒,市民,情報,軽減,医療,対象,県内,マスク,子育て
情報,子育て,設備,緊急,遊漁,教育,センター,自粛,システム,自粛
促進,生徒,給食,小中学校,改修,促進,保健,臨時休業,安心,促進
構想,商品券,機器,端末,センター,サービス,利用,機会,消費,システム
医療,とも,協力金,子ども,自粛,保健,機会,設備,県内,負担
安心,活性化,センター,目的,情報,臨時休業,促進,軽減,市内,オンライン
保健,市内,医療,臨時,医療,軽減,設置,設置,対象,市民
giga,目的,高齢者,保護者,職員,助成,活性化,スクール,直販所,衛生
安全,留意点,プレミアム,業務,マスク,福祉,端末,小中学校,要請,活性化
